{
  "arr": {
    "ci95_high": 0.5,
    "ci95_low": 0.5,
    "mean": 0.5,
    "n_included": 10,
    "n_na": 0,
    "std": 0.0
  },
  "cfr": {
    "ci95_high": 0.6,
    "ci95_low": 0.6,
    "mean": 0.6,
    "n_included": 10,
    "n_na": 0,
    "std": 0.0
  },
  "gds": {
    "ci95_high": 0.7333333333333334,
    "ci95_low": 0.7333333333333334,
    "mean": 0.7333333333333334,
    "n_included": 10,
    "n_na": 0,
    "std": 0.0
  },
  "ist": {
    "ci95_high": 0.5,
    "ci95_low": 0.5,
    "mean": 0.5,
    "n_included": 10,
    "n_na": 0,
    "std": 0.0
  },
  "sri": {
    "ci95_high": 0.5666666666666667,
    "ci95_low": 0.5666666666666667,
    "mean": 0.5666666666666667,
    "n_included": 10,
    "n_na": 0,
    "std": 0.0
  },
  "rec": {
    "ci95_high": 0.5,
    "ci95_low": 0.5,
    "mean": 0.5,
    "n_included": 10,
    "n_na": 0,
    "std": 0.0
  }
}
